Score,Paths,Paths%
0,252,0.0496059
10,9370,1.84447
20,56113,11.0458
30,103730,20.4191
40,98483,19.3863
50,75868,14.9345
60,54009,10.6316
70,34579,6.80684
80,29046,5.71767
90,16987,3.34387
100,29567,5.82023
