Force,Paths,Paths%
0,0,0.0
1,48,0.00944874
2,363,0.0714561
3,948,0.186613
4,4276,0.841726
5,16243,3.19742
6,55368,10.8991
7,206265,40.603
8,165193,32.5181
9,44944,8.84717
10,14356,2.82596
