N,Hub,OutValue,Freq,Force,Clust,Comm
1,A:A:Y42,0,100,7.616,1,1
2,A:A:F43,0,100,16.9,1,1
3,A:A:S47,0,100,4.6125,1,3
4,A:A:W52,0,100,6.964,1,3
5,A:A:Y83,0,100,8.12571,1,1
6,A:A:F85,0,100,7.01,1,0
7,A:A:R86,0,100,13.955,1,1
8,A:A:L87,0,100,8.36,1,5
9,A:A:H89,0,100,9.402,1,5
10,A:A:W97,0,100,14.69,1,1
11,A:A:Y111,0,100,10.0525,1,5
12,A:A:W120,0,100,8.4875,1,5
13,A:A:E123,0,100,7.95,1,1
14,A:A:R125,0,100,10.9117,1,1
15,A:A:I126,0,100,8.4675,1,1
16,A:A:R127,0,100,17.42,1,1
17,A:A:F137,0,100,6.378,1,1
18,A:A:D140,0,100,10.4375,1,0
19,A:A:T143,0,100,9.21,1,1
20,A:A:F146,0,100,12.146,1,1
21,A:A:F147,0,100,6.598,1,1
22,A:A:Y148,0,100,11.1633,1,3
23,A:A:Q149,0,100,7.372,1,3
24,A:A:K170,0,100,5.0075,1,11
25,A:A:E175,0,100,11.4125,1,3
26,A:A:R178,0,100,8.19,1,3
27,A:A:Y180,0,100,7.79,1,3
28,A:A:N193,0,100,7.5025,1,3
29,A:A:F206,0,100,6.5325,1,0
30,A:A:F207,0,100,4.86,1,10
31,A:A:P208,0,100,4.636,1,10
32,A:A:L211,0,100,4.86,1,10
33,A:A:F228,0,100,4.852,1,3
34,A:A:I240,0,100,7,1,3
35,A:A:F244,0,100,6.5975,1,1
36,A:A:F296,0,100,9.4725,1,0
37,A:A:I302,0,100,3.788,1,6
38,A:A:L343,0,100,9.225,1,1
39,A:A:D345,0,100,5.95667,1,6
40,A:A:F358,0,100,6.12,1,0
41,A:A:I359,0,100,4.784,1,6
42,A:A:F478,0,100,4.515,1,4
43,A:A:H480,0,100,9.082,1,4
44,A:A:H482,0,100,8.92,1,4
45,A:A:W496,0,100,7.48,1,8
46,A:A:I497,0,100,4.65,1,0
47,A:A:I498,0,100,5.2025,1,0
48,A:A:F510,0,100,7.59,1,16
49,A:A:R514,0,100,8.4775,1,16
50,A:A:T532,0,100,6.05,1,4
51,A:A:L537,0,100,5.0275,1,4
52,A:A:H544,0,100,5.1375,1,7
53,A:A:R550,0,100,8.702,1,2
54,A:A:F565,0,100,5.088,1,4
55,A:A:R569,0,100,7.1825,1,0
56,A:A:W588,0,100,7.51125,1,2
57,A:A:F596,0,100,7.47,1,3
58,A:A:W606,0,100,7.79,1,2
59,A:A:F608,0,100,6.6125,1,7
60,A:A:W613,0,100,10.854,1,2
61,A:A:F623,0,100,9.065,1,2
62,A:A:L641,0,100,9.4175,1,2
63,A:A:C647,0,100,6.0725,1,2
64,A:A:W659,0,100,7.166,1,2
65,A:A:Y661,0,100,8.72,1,3
66,A:A:D662,0,100,7.6375,1,0
67,A:A:R666,0,100,6.706,1,2
68,A:A:F669,0,100,10.3025,1,7
