Hubs,Paths,Paths%
0,3234,0.636609
10,12139,2.38955
20,26931,5.30134
30,68417,13.4678
40,177677,34.9755
50,167675,33.0066
60,42458,8.35781
70,7155,1.40845
80,1963,0.386414
90,210,0.0413383
100,145,0.0285431
