Corr,Paths,Paths%
0,0,0.0
0.1,0,0.0
0.2,0,0.0
0.3,0,0.0
0.4,0,0.0
0.5,0,0.0
0.6,44,0.00866135
0.7,809,0.159251
0.8,12633,2.48679
0.9,446391,87.8716
1,48127,9.47374
