Force,Paths,Paths%
0,0,0
1,8,0.015654
2,32,0.0626162
3,96,0.187849
4,419,0.819881
5,1617,3.16407
6,5557,10.8737
7,20842,40.7827
8,16480,32.2473
9,4603,9.00695
10,1451,2.83925
