Score,Paths,Paths%
0,30,0.0587027
10,976,1.90979
20,5541,10.8424
30,10526,20.5968
40,10050,19.6654
50,7783,15.2294
60,5395,10.5567
70,3333,6.52187
80,2868,5.61198
90,1662,3.25213
100,2941,5.75482
