Hubs,Paths,Paths%
0,113,0.221113
10,264,0.516583
20,1173,2.29527
30,3364,6.58253
40,8833,17.284
50,23097,45.1952
60,11597,22.6925
70,2165,4.23638
80,433,0.847275
90,45,0.088054
100,21,0.0410919
