Corr,Paths,Paths%
0,0,0
0.1,0,0
0.2,0,0
0.3,0,0
0.4,0,0
0.5,0,0
0.6,2,0.00391351
0.7,69,0.135016
0.8,1248,2.44203
0.9,44843,87.7468
1,4943,9.67224
